{"info":"load resumed checkpoint: iter_4000.pth","_timestamp":1.7377533512295284e+09,"_runtime":2069.405276411,"_step":1,"epoch":4,"loss":0,"_wandb":{"runtime":2741}}