{"epoch":4,"loss":0,"_timestamp":1.7376999878297203e+09,"_runtime":6867.484551563,"_step":4,"_wandb":{"runtime":7502}}