{"info":"load resumed checkpoint: iter_4000.pth","_timestamp":1.73775335081592e+09,"_runtime":2068.947905786,"_step":1,"epoch":4,"loss":0,"_wandb":{"runtime":2739}}