{"step":4800,"_runtime":7232.735115647,"loss":0,"_wandb":{"runtime":7501},"hyper/lr":3.8408e-06,"_step":29,"Loss/train":0.006392187438905239,"epoch":4,"_timestamp":1.7377003533619485e+09,"logit_scale/train":4.605199813842773}