{"loss":0,"_timestamp":1.7376999877864277e+09,"_runtime":6867.40586432,"_step":4,"_wandb":{"runtime":7502},"epoch":4}