{"_step":1,"epoch":4,"loss":0,"_wandb":{"runtime":2603},"info":"load resumed checkpoint: iter_4000.pth","_timestamp":1.7378241533633783e+09,"_runtime":1979.952548559}