{"epoch":4,"loss":0,"_wandb":{"runtime":2597},"info":"load resumed checkpoint: iter_4000.pth","_timestamp":1.7378241533345969e+09,"_runtime":1974.887223869,"_step":1}