{"_runtime":6866.174498016,"_step":4,"_wandb":{"runtime":7501},"epoch":4,"loss":0,"_timestamp":1.7376999877572691e+09}