{"loss":0,"_timestamp":1.737699987832208e+09,"_runtime":6867.351750361,"_step":4,"_wandb":{"runtime":7502},"epoch":4}