{"epoch":4,"loss":0,"_wandb":{"runtime":2604},"info":"load resumed checkpoint: iter_4000.pth","_timestamp":1.7378241534676437e+09,"_runtime":1980.127975052,"_step":1}