{"loss":0,"_wandb":{"runtime":2604},"_step":1,"info":"load resumed checkpoint: iter_4000.pth","_timestamp":1.7378241533077087e+09,"_runtime":1979.95686212,"epoch":4}