{"_step":1,"info":"load resumed checkpoint: iter_4000.pth","epoch":4,"loss":0,"_wandb":{"runtime":2741},"_timestamp":1.7377533511697016e+09,"_runtime":2068.910001545}