{"_timestamp":1.7378241533489604e+09,"_runtime":1977.058407636,"_step":1,"epoch":4,"loss":0,"_wandb":{"runtime":2601},"info":"load resumed checkpoint: iter_4000.pth"}