{"_timestamp":1.7377533508651037e+09,"epoch":4,"loss":0,"_wandb":{"runtime":2739},"_runtime":2069.129929785,"_step":1,"info":"load resumed checkpoint: iter_4000.pth"}