{"_timestamp":1.7376999877016504e+09,"_runtime":6867.270726113,"_step":4,"epoch":4,"loss":0,"_wandb":{"runtime":7502}}