{"_wandb":{"runtime":7503},"epoch":4,"loss":0,"_timestamp":1.7376999877320235e+09,"_runtime":6867.198565757,"_step":4}