{"loss":0,"_wandb":{"runtime":2739},"_runtime":2069.048161442,"_step":1,"info":"load resumed checkpoint: iter_4000.pth","_timestamp":1.737753350860683e+09,"epoch":4}