{"_wandb":{"runtime":2741},"info":"load resumed checkpoint: iter_4000.pth","_timestamp":1.7377533508854365e+09,"_runtime":2069.052393346,"_step":1,"epoch":4,"loss":0}