{"loss":0,"_wandb":{"runtime":2738},"info":"load resumed checkpoint: iter_4000.pth","_timestamp":1.7377533510568292e+09,"_runtime":2068.019181545,"_step":1,"epoch":4}