{"loss":0,"_timestamp":1.7376999876485233e+09,"_runtime":6867.024817014,"_step":4,"_wandb":{"runtime":7501},"epoch":4}