{"epoch":4,"_wandb":{"runtime":2604},"info":"load resumed checkpoint: iter_4000.pth","_timestamp":1.7378241535318503e+09,"_runtime":1980.073076492,"_step":1,"loss":0}