{"step":4800,"_wandb":{"runtime":11216},"_timestamp":1.7376686118572598e+09,"_runtime":10787.474998763,"_step":24,"hyper/lr":3.8408e-06,"logit_scale/train":4.605199813842773,"Loss/train":0.004183614160865545}