{"info":"load resumed checkpoint: iter_4000.pth","_timestamp":1.7378241533115954e+09,"_runtime":1978.653622434,"_step":1,"loss":0,"epoch":4,"_wandb":{"runtime":2601}}